{
  "IcoMoonType": "selection",
  "icons": [
    {
      "icon": {
        "paths": [
          "M2605.248 557.248c11.578-11.581 18.738-27.578 18.738-45.248s-7.161-33.667-18.739-45.248l-407.296-407.296c-11.654-12.054-27.97-19.538-46.034-19.538-35.346 0-64 28.654-64 64 0 18.064 7.484 34.38 19.52 46.017l0.018 0.017 362.048 362.048-362.048 362.048c-11.116 11.497-17.966 27.179-17.966 44.462 0 35.346 28.654 64 64 64 17.282 0 32.964-6.85 44.48-17.983l-0.018 0.017 407.296-407.296zM0 576h2560v-128h-2560v128z"
        ],
        "attrs": [
          {}
        ],
        "width": 2624,
        "isMulticolor": false,
        "isMulticolor2": false,
        "grid": 0,
        "tags": [
          "arrow"
        ]
      },
      "attrs": [
        {}
      ],
      "properties": {
        "order": 2,
        "id": 1,
        "name": "arrow",
        "prevSize": 32
      },
      "setIdx": 0,
      "setId": 2,
      "iconIdx": 0
    },
    {
      "icon": {
        "paths": [
          "M552.107 512l235.819-235.819c4.184-4.923 6.729-11.353 6.729-18.377 0-15.717-12.741-28.459-28.459-28.459-7.024 0-13.454 2.545-18.417 6.762l0.041-0.034-235.819 235.819-235.819-236.075c-5.248-5.751-12.775-9.345-21.141-9.345-15.788 0-28.587 12.799-28.587 28.587 0 8.356 3.585 15.874 9.301 21.101l0.022 0.020 236.117 235.819-236.117 235.819c-6.184 5.254-10.082 13.037-10.082 21.73 0 15.717 12.741 28.459 28.459 28.459 8.693 0 16.476-3.898 21.696-10.041l0.034-0.041 236.117-235.819 235.776 235.819c4.923 4.184 11.353 6.729 18.377 6.729 15.717 0 28.459-12.741 28.459-28.459 0-7.024-2.545-13.454-6.762-18.417l0.034 0.041-235.776-235.819z"
        ],
        "attrs": [
          {}
        ],
        "isMulticolor": false,
        "isMulticolor2": false,
        "grid": 0,
        "tags": [
          "close"
        ]
      },
      "attrs": [
        {}
      ],
      "properties": {
        "order": 3,
        "id": 0,
        "name": "close",
        "prevSize": 32
      },
      "setIdx": 0,
      "setId": 2,
      "iconIdx": 1
    }
  ],
  "height": 1024,
  "preferences": {
    "showGlyphs": true,
    "showQuickUse": true,
    "showQuickUse2": true,
    "showSVGs": true,
    "fontPref": {
      "prefix": "icon-",
      "metadata": {
        "fontFamily": "icomoon"
      },
      "metrics": {
        "emSize": 1024,
        "baseline": 6.25,
        "whitespace": 50
      },
      "embed": false
    },
    "imagePref": {
      "prefix": "",
      "png": false,
      "useClassSelector": true,
      "color": 0,
      "bgColor": 16777215,
      "classSelector": ".icon",
      "name": "menu-hamburger",
      "height": 32,
      "columns": 16,
      "margin": 16,
      "autoHost": true
    },
    "historySize": 50,
    "showCodes": true,
    "gridSize": 16,
    "quickUsageToken": {
      "UntitledProject": "ZWY3MjU0MmIyMjliYWRhZGI5MjdhMjQ5OGMxNGI2ZDMjMSMxNjczMjUxNTEzIyMjMWEzYWMxOGUxNWE2"
    }
  }
}